{
  "version": 1,
  "author": "Uri Shaked",
  "editor": "wokwi",
  "parts": [
    { "type": "board-esp32-devkit-c-v4", "id": "esp", "top": 48, "left": 177.64, "attrs": {} },
    { "type": "wokwi-dht22", "id": "dht1", "top": 67.5, "left": 90.6, "attrs": {} },
    {
      "type": "wokwi-resistor",
      "id": "r1",
      "top": 214.6,
      "left": 75.95,
      "rotate": 270,
      "attrs": { "value": "10000" }
    },
    {
      "type": "wokwi-buzzer",
      "id": "bz1",
      "top": 131.7,
      "left": 311.7,
      "rotate": 90,
      "attrs": { "volume": "0.1" }
    },
    {
      "type": "wokwi-led",
      "id": "led1",
      "top": 190.8,
      "left": 313.8,
      "rotate": 90,
      "attrs": { "color": "red" }
    }
  ],
  "connections": [
    [ "esp:TX", "$serialMonitor:RX", "", [] ],
    [ "esp:RX", "$serialMonitor:TX", "", [] ],
    [ "dht1:GND", "esp:GND.1", "black", [ "v0" ] ],
    [ "r1:1", "esp:5V", "green", [ "h0", "v9.6", "h0", "v0" ] ],
    [ "r1:2", "dht1:VCC", "green", [ "h0" ] ],
    [ "dht1:SDA", "esp:13", "green", [ "v0" ] ],
    [ "bz1:1", "esp:5", "violet", [ "h0" ] ],
    [ "bz1:2", "esp:GND.3", "black", [ "h-19.2", "v-38.8" ] ],
    [ "led1:A", "esp:4", "purple", [ "h-19.2", "v-28.8" ] ],
    [ "led1:C", "bz1:2", "black", [ "h0" ] ]
  ],
  "dependencies": {}
}